{"Number of CD/CS cycles: 3": {"CD": {"autonomy_distance": 27529.743888814246, "autonomy_time": 786.0, "total_fuel_consumption": 4704.120000000018, "average_fuel_consumption": 52.93031110167595, "total_CO2_emissions": 14871.961193599838, "average_CO2_emissions": 167.33789373342694, "number_of_restart": 5, "average_th_engine_runtime": 350.4, "CO2_mix": 74.77801501421791}, "CS": {"autonomy_distance": 40.59722219355704, "autonomy_time": 17.0, "total_fuel_consumption": 6956.835000000354, "average_fuel_consumption": 78.27764615550733, "total_CO2_emissions": 21931.849858799756, "average_CO2_emissions": 246.77508993425218, "number_of_restart": 5, "average_th_engine_runtime": 518.2, "CO2_mix": 30.600111151847244}, "weighted_CO2_combined": 105.37812616606516}, "Number of CD/CS cycles: 4": {"CD": {"autonomy_distance": 27529.743888814246, "autonomy_time": 786.0, "total_fuel_consumption": 7058.865000000369, "average_fuel_consumption": 59.569258512976354, "total_CO2_emissions": 22252.106437199753, "average_CO2_emissions": 187.7839398849175, "number_of_restart": 6, "average_th_engine_runtime": 438.1666666666667, "CO2_mix": 86.56735053616812}, "CS": {"autonomy_distance": 40.59722219355704, "autonomy_time": 17.0, "total_fuel_consumption": 9311.580000000326, "average_fuel_consumption": 78.57975980334668, "total_CO2_emissions": 29311.99510239967, "average_CO2_emissions": 247.36183703553638, "number_of_restart": 6, "average_th_engine_runtime": 578.0, "CO2_mix": 19.29422328877183}, "weighted_CO2_combined": 105.86157382493995}, "Number of CD/CS cycles: 5": {"CD": {"autonomy_distance": 27529.743888814246, "autonomy_time": 786.0, "total_fuel_consumption": 9413.610000000306, "average_fuel_consumption": 63.55262695975371, "total_CO2_emissions": 29632.251680799665, "average_CO2_emissions": 200.0515675758115, "number_of_restart": 7, "average_th_engine_runtime": 500.85714285714283, "CO2_mix": 86.56735053616812}, "CS": {"autonomy_distance": 40.59722219355704, "autonomy_time": 17.0, "total_fuel_consumption": 11666.324999999879, "average_fuel_consumption": 78.76102799204736, "total_CO2_emissions": 36692.14034600128, "average_CO2_emissions": 247.71388529631798, "number_of_restart": 7, "average_th_engine_runtime": 620.7142857142857, "CO2_mix": 19.321683053112793}, "weighted_CO2_combined": 105.88903358928091}}