{"Number of CD/CS cycles: 3": {"CD": {"autonomy_distance": 56202.30555555566, "autonomy_time": 4776.0, "total_fuel_consumption": 735.6899999999958, "average_fuel_consumption": 10.540147519180051, "total_CO2_emissions": 2435.113223199985, "average_CO2_emissions": 34.88759205430821, "number_of_restart": 5, "average_th_engine_runtime": 54.8, "CO2_mix": 12.737043284673469}, "CS": {"autonomy_distance": 57.66666666666667, "autonomy_time": 23.0, "total_fuel_consumption": 3211.2599999999456, "average_fuel_consumption": 46.00735924430364, "total_CO2_emissions": 10201.917572799894, "average_CO2_emissions": 146.16172055597707, "number_of_restart": 22, "average_th_engine_runtime": 54.36363636363637, "CO2_mix": 23.678198730068274}, "weighted_CO2_combined": 36.41524201474174}, "Number of CD/CS cycles: 4": {"CD": {"autonomy_distance": 56202.30555555566, "autonomy_time": 4776.0, "total_fuel_consumption": 1793.5799999999745, "average_fuel_consumption": 19.27231352959549, "total_CO2_emissions": 5753.984062399946, "average_CO2_emissions": 61.827509726284234, "number_of_restart": 12, "average_th_engine_runtime": 55.666666666666664, "CO2_mix": 20.16364187061774}, "CS": {"autonomy_distance": 57.66666666666667, "autonomy_time": 23.0, "total_fuel_consumption": 4271.834999999954, "average_fuel_consumption": 45.9015730921954, "total_CO2_emissions": 13529.203058799854, "average_CO2_emissions": 145.37352287311234, "number_of_restart": 29, "average_th_engine_runtime": 54.86206896551724, "CO2_mix": 15.70034047029613}, "weighted_CO2_combined": 35.86398234091387}, "Number of CD/CS cycles: 5": {"CD": {"autonomy_distance": 56202.30555555566, "autonomy_time": 4776.0, "total_fuel_consumption": 2854.154999999953, "average_fuel_consumption": 24.534693750850263, "total_CO2_emissions": 9081.269548399907, "average_CO2_emissions": 78.063793745931, "number_of_restart": 19, "average_th_engine_runtime": 55.94736842105263, "CO2_mix": 24.314086171288082}, "CS": {"autonomy_distance": 57.66666666666667, "autonomy_time": 23.0, "total_fuel_consumption": 5332.410000000112, "average_fuel_consumption": 45.83810140093175, "total_CO2_emissions": 16856.488544799817, "average_CO2_emissions": 144.90060426339352, "number_of_restart": 36, "average_th_engine_runtime": 55.166666666666664, "CO2_mix": 11.302247132544688}, "weighted_CO2_combined": 35.61633330383277}}