{"Number of CD cycles: 3": {"CD": {"autonomy_distance": 56202.30555555566, "autonomy_time": 4776.0, "total_fuel_consumption": 735.6899999999958, "average_fuel_consumption": 10.540147519180051, "total_CO2_emissions": 2435.113223199985, "average_CO2_emissions": 34.88759205430821, "number_of_restart": 5, "average_th_engine_runtime": 54.8, "CO2_mix": 7.797259194555476}, "CS": {"autonomy_distance": 57.66666666666667, "autonomy_time": 23.0, "total_fuel_consumption": 1092.7949999999887, "average_fuel_consumption": 46.96905153619997, "total_CO2_emissions": 3555.7612475999717, "average_CO2_emissions": 152.8289691012015, "number_of_restart": 8, "average_th_engine_runtime": 50.875, "CO2_mix": 74.42770795228513}, "weighted_CO2_combined": 82.22496714684061}, "Number of CD cycles: 4": {"CD": {"autonomy_distance": 56202.30555555566, "autonomy_time": 4776.0, "total_fuel_consumption": 1793.5799999999745, "average_fuel_consumption": 19.27231352959549, "total_CO2_emissions": 5753.984062399946, "average_CO2_emissions": 61.827509726284234, "number_of_restart": 12, "average_th_engine_runtime": 55.666666666666664, "CO2_mix": 11.596354573572759}, "CS": {"autonomy_distance": 57.66666666666667, "autonomy_time": 23.0, "total_fuel_consumption": 1092.7949999999887, "average_fuel_consumption": 46.96905153619997, "total_CO2_emissions": 3555.7612475999717, "average_CO2_emissions": 152.8289691012015, "number_of_restart": 8, "average_th_engine_runtime": 50.875, "CO2_mix": 74.42770795228513}, "weighted_CO2_combined": 86.02406252585789}, "Number of CD cycles: 5": {"CD": {"autonomy_distance": 56202.30555555566, "autonomy_time": 4776.0, "total_fuel_consumption": 2854.154999999953, "average_fuel_consumption": 24.534693750850263, "total_CO2_emissions": 9081.269548399907, "average_CO2_emissions": 78.063793745931, "number_of_restart": 19, "average_th_engine_runtime": 55.94736842105263, "CO2_mix": 13.528336448883715}, "CS": {"autonomy_distance": 57.66666666666667, "autonomy_time": 23.0, "total_fuel_consumption": 1092.7949999999887, "average_fuel_consumption": 46.96905153619997, "total_CO2_emissions": 3555.7612475999717, "average_CO2_emissions": 152.8289691012015, "number_of_restart": 8, "average_th_engine_runtime": 50.875, "CO2_mix": 74.42770795228513}, "weighted_CO2_combined": 87.95604440116885}}