{"Number of CD cycles: 3": {"CD": {"autonomy_distance": 27529.743888814246, "autonomy_time": 786.0, "total_fuel_consumption": 4704.120000000018, "average_fuel_consumption": 52.93031110167595, "total_CO2_emissions": 14871.961193599838, "average_CO2_emissions": 167.33789373342694, "number_of_restart": 5, "average_th_engine_runtime": 350.4, "CO2_mix": 47.291119084334156}, "CS": {"autonomy_distance": 40.59722219355704, "autonomy_time": 17.0, "total_fuel_consumption": 2247.3449999999652, "average_fuel_consumption": 75.86073697277747, "total_CO2_emissions": 7171.559371599929, "average_CO2_emissions": 242.0811131239787, "number_of_restart": 3, "average_th_engine_runtime": 279.0, "CO2_mix": 107.96817645329449}, "weighted_CO2_combined": 155.25929553762865}, "Number of CD cycles: 4": {"CD": {"autonomy_distance": 27529.743888814246, "autonomy_time": 786.0, "total_fuel_consumption": 7058.865000000369, "average_fuel_consumption": 59.569258512976354, "total_CO2_emissions": 22252.106437199753, "average_CO2_emissions": 187.7839398849175, "number_of_restart": 6, "average_th_engine_runtime": 438.1666666666667, "CO2_mix": 52.01552299027889}, "CS": {"autonomy_distance": 40.59722219355704, "autonomy_time": 17.0, "total_fuel_consumption": 2247.3449999999652, "average_fuel_consumption": 75.86073697277747, "total_CO2_emissions": 7171.559371599929, "average_CO2_emissions": 242.0811131239787, "number_of_restart": 3, "average_th_engine_runtime": 279.0, "CO2_mix": 107.96817645329449}, "weighted_CO2_combined": 159.98369944357339}, "Number of CD cycles: 5": {"CD": {"autonomy_distance": 27529.743888814246, "autonomy_time": 786.0, "total_fuel_consumption": 9413.610000000306, "average_fuel_consumption": 63.55262695975371, "total_CO2_emissions": 29632.251680799665, "average_CO2_emissions": 200.0515675758115, "number_of_restart": 7, "average_th_engine_runtime": 500.85714285714283, "CO2_mix": 52.01552299027889}, "CS": {"autonomy_distance": 40.59722219355704, "autonomy_time": 17.0, "total_fuel_consumption": 2247.3449999999652, "average_fuel_consumption": 75.86073697277747, "total_CO2_emissions": 7171.559371599929, "average_CO2_emissions": 242.0811131239787, "number_of_restart": 3, "average_th_engine_runtime": 279.0, "CO2_mix": 107.96817645329449}, "weighted_CO2_combined": 159.98369944357339}}