{"Number of CD/CS cycles: 3": {"CS": {"autonomy_distance": 55.166666666666664, "autonomy_time": 11.0, "total_fuel_consumption": 2147.9999999999673, "average_fuel_consumption": 43.37707053317584, "total_CO2_emissions": 6866.717439999933, "average_CO2_emissions": 138.66763814072175, "number_of_restart": 16, "average_th_engine_runtime": 50.0, "CO2_mix": 36.746924107291264}}, "Number of CD/CS cycles: 4": {"CD": {"autonomy_distance": 59728.4722222221, "autonomy_time": 2775.0, "total_fuel_consumption": 268.50000000000017, "average_fuel_consumption": 4.066600362485305, "total_CO2_emissions": 969.4646800000014, "average_CO2_emissions": 14.683148674505413, "number_of_restart": 2, "average_th_engine_runtime": 50.0, "CO2_mix": 5.764046681553744}, "CS": {"autonomy_distance": 55.166666666666664, "autonomy_time": 11.0, "total_fuel_consumption": 2819.2499999999536, "average_fuel_consumption": 42.69930380609497, "total_CO2_emissions": 8972.879139999908, "average_CO2_emissions": 135.89986429519715, "number_of_restart": 21, "average_th_engine_runtime": 50.0, "CO2_mix": 25.956874080382647}, "weighted_CO2_combined": 31.72092076193639}, "Number of CD/CS cycles: 5": {"CD": {"autonomy_distance": 59728.4722222221, "autonomy_time": 2775.0, "total_fuel_consumption": 939.7499999999917, "average_fuel_consumption": 11.386481014958727, "total_CO2_emissions": 3075.6263799999774, "average_CO2_emissions": 37.26582749132886, "number_of_restart": 7, "average_th_engine_runtime": 50.0, "CO2_mix": 12.252575019689576}, "CS": {"autonomy_distance": 55.166666666666664, "autonomy_time": 11.0, "total_fuel_consumption": 3490.49999999994, "average_fuel_consumption": 42.29264376984634, "total_CO2_emissions": 11079.040839999883, "average_CO2_emissions": 134.23919998788205, "number_of_restart": 26, "average_th_engine_runtime": 50.0, "CO2_mix": 18.793487998303473}, "weighted_CO2_combined": 31.04606301799305}}